{
  "texture_size": [32, 32],
  "textures": {
    "0": "examplemod:item/wrench_item",
    "particle": "examplemod:item/wrench_item"
  },
  "elements": [
    {
      "from": [7, 0, 7],
      "to": [9, 15, 9],
      "rotation": {"angle": 0, "axis": "y", "origin": [16, 8, 15]},
      "faces": {
        "north": {"uv": [1, 1, 2, 8.5], "texture": "#0"},
        "east": {"uv": [0, 1, 1, 8.5], "texture": "#0"},
        "south": {"uv": [3, 1, 4, 8.5], "texture": "#0"},
        "west": {"uv": [2, 1, 3, 8.5], "texture": "#0"},
        "up": {"uv": [2, 1, 1, 0], "texture": "#0"},
        "down": {"uv": [3, 0, 2, 1], "texture": "#0"}
      }
    },
    {
      "from": [5, 13, 7],
      "to": [7, 15, 9],
      "rotation": {"angle": 0, "axis": "y", "origin": [14, 21, 16]},
      "faces": {
        "north": {"uv": [5, 7, 6, 8], "texture": "#0"},
        "east": {"uv": [4, 7, 5, 8], "texture": "#0"},
        "south": {"uv": [7, 7, 8, 8], "texture": "#0"},
        "west": {"uv": [6, 7, 7, 8], "texture": "#0"},
        "up": {"uv": [6, 7, 5, 6], "texture": "#0"},
        "down": {"uv": [7, 6, 6, 7], "texture": "#0"}
      }
    },
    {
      "from": [7, 13, 5],
      "to": [9, 15, 7],
      "rotation": {"angle": 0, "axis": "y", "origin": [16, 21, 14]},
      "faces": {
        "north": {"uv": [5, 3, 6, 4], "texture": "#0"},
        "east": {"uv": [4, 3, 5, 4], "texture": "#0"},
        "south": {"uv": [7, 3, 8, 4], "texture": "#0"},
        "west": {"uv": [6, 3, 7, 4], "texture": "#0"},
        "up": {"uv": [6, 3, 5, 2], "texture": "#0"},
        "down": {"uv": [7, 2, 6, 3], "texture": "#0"}
      }
    },
    {
      "from": [9, 13, 7],
      "to": [11, 15, 9],
      "rotation": {"angle": 0, "axis": "y", "origin": [18, 21, 16]},
      "faces": {
        "north": {"uv": [5, 1, 6, 2], "texture": "#0"},
        "east": {"uv": [4, 1, 5, 2], "texture": "#0"},
        "south": {"uv": [7, 1, 8, 2], "texture": "#0"},
        "west": {"uv": [6, 1, 7, 2], "texture": "#0"},
        "up": {"uv": [6, 1, 5, 0], "texture": "#0"},
        "down": {"uv": [7, 0, 6, 1], "texture": "#0"}
      }
    },
    {
      "from": [7, 13, 9],
      "to": [9, 15, 11],
      "rotation": {"angle": 0, "axis": "y", "origin": [16, 21, 18]},
      "faces": {
        "north": {"uv": [5, 5, 6, 6], "texture": "#0"},
        "east": {"uv": [4, 5, 5, 6], "texture": "#0"},
        "south": {"uv": [7, 5, 8, 6], "texture": "#0"},
        "west": {"uv": [6, 5, 7, 6], "texture": "#0"},
        "up": {"uv": [6, 5, 5, 4], "texture": "#0"},
        "down": {"uv": [7, 4, 6, 5], "texture": "#0"}
      }
    }
  ],
  "display": {
    "thirdperson_righthand": {
      "translation": [0, 4.5, 1.75]
    },
    "thirdperson_lefthand": {
      "translation": [0, 5, 1.5]
    },
    "firstperson_righthand": {
      "translation": [0, 3.25, 0]
    },
    "firstperson_lefthand": {
      "translation": [0, 3.5, 0]
    },
    "gui": {
      "rotation": [0, 46.5, 45.25]
    },
    "fixed": {
      "rotation": [0, -35.5, 0]
    }
  }
}