{
	"credit": "Made with Blockbench",
	"texture_size": [64, 64],
	"textures": {
		"0": "examplemod:block/ruby_frame",
		"particle": "examplemod:block/ruby_frame"
	},
	"elements": [
		{
			"from": [0, 16, 0],
			"to": [16.1, 18, 16],
			"faces": {
				"north": {"uv": [0, 8, 4, 8.5], "texture": "#0"},
				"east": {"uv": [8, 0, 12, 0.5], "texture": "#0"},
				"south": {"uv": [8, 0.5, 12, 1], "texture": "#0"},
				"west": {"uv": [8, 1, 12, 1.5], "texture": "#0"},
				"up": {"uv": [4, 4, 0, 0], "texture": "#0"},
				"down": {"uv": [4, 4, 0, 8], "texture": "#0"}
			}
		},
		{
			"from": [14, 2, 0],
			"to": [16, 17, 2],
			"faces": {
				"north": {"uv": [8, 3.5, 8.5, 7.25], "texture": "#0"},
				"east": {"uv": [4, 8, 4.5, 11.75], "texture": "#0"},
				"south": {"uv": [4.5, 8, 5, 11.75], "texture": "#0"},
				"west": {"uv": [5, 8, 5.5, 11.75], "texture": "#0"},
				"up": {"uv": [3.5, 9, 3, 8.5], "texture": "#0"},
				"down": {"uv": [4, 8.5, 3.5, 9], "texture": "#0"}
			}
		},
		{
			"from": [0, 2, 14],
			"to": [2, 16, 16],
			"faces": {
				"north": {"uv": [1, 8.5, 1.5, 12], "texture": "#0"},
				"east": {"uv": [1.5, 8.5, 2, 12], "texture": "#0"},
				"south": {"uv": [2, 8.5, 2.5, 12], "texture": "#0"},
				"west": {"uv": [2.5, 8.5, 3, 12], "texture": "#0"},
				"up": {"uv": [9, 4, 8.5, 3.5], "texture": "#0"},
				"down": {"uv": [9, 4, 8.5, 4.5], "texture": "#0"}
			}
		},
		{
			"from": [0, 2, 0],
			"to": [2, 17, 2],
			"faces": {
				"north": {"uv": [5.5, 8, 6, 11.75], "texture": "#0"},
				"east": {"uv": [6, 8, 6.5, 11.75], "texture": "#0"},
				"south": {"uv": [6.5, 8, 7, 11.75], "texture": "#0"},
				"west": {"uv": [7, 8, 7.5, 11.75], "texture": "#0"},
				"up": {"uv": [9, 5, 8.5, 4.5], "texture": "#0"},
				"down": {"uv": [9, 5, 8.5, 5.5], "texture": "#0"}
			}
		},
		{
			"from": [14, 2, 14],
			"to": [16, 17, 16],
			"faces": {
				"north": {"uv": [8, 7.25, 8.5, 11], "texture": "#0"},
				"east": {"uv": [7.5, 8, 8, 11.75], "texture": "#0"},
				"south": {"uv": [0, 8.5, 0.5, 12.25], "texture": "#0"},
				"west": {"uv": [0.5, 8.5, 1, 12.25], "texture": "#0"},
				"up": {"uv": [9, 6, 8.5, 5.5], "texture": "#0"},
				"down": {"uv": [9, 6, 8.5, 6.5], "texture": "#0"}
			}
		},
		{
			"from": [0, 0, 0],
			"to": [16, 2, 16],
			"faces": {
				"north": {"uv": [8, 1.5, 12, 2], "texture": "#0"},
				"east": {"uv": [8, 2, 12, 2.5], "texture": "#0"},
				"south": {"uv": [8, 2.5, 12, 3], "texture": "#0"},
				"west": {"uv": [8, 3, 12, 3.5], "texture": "#0"},
				"up": {"uv": [8, 4, 4, 0], "texture": "#0"},
				"down": {"uv": [8, 4, 4, 8], "texture": "#0"}
			}
		}
	],
	"display": {}
}