{
  "parent": "minecraft:recipes/root",
  "criteria": {
    "has_ruby_ore": {
      "conditions": {
        "items": [
          {
            "items": [
              "examplemod:ruby_ore"
            ]
          }
        ]
      },
      "trigger": "minecraft:inventory_changed"
    },
    "has_the_recipe": {
      "conditions": {
        "recipe": "examplemod:ruby"
      },
      "trigger": "minecraft:recipe_unlocked"
    }
  },
  "requirements": [
    [
      "has_the_recipe",
      "has_ruby_ore"
    ]
  ],
  "rewards": {
    "recipes": [
      "examplemod:ruby"
    ]
  }
}