{
	"credit": "Made with Blockbench",
	"textures": {
		"0": "examplemod:block/ruby_wand",
		"particle": "examplemod:block/ruby_wand"
	},
	"elements": [
		{
			"from": [7.75, 0, 7.5],
			"to": [8.25, 8.25, 8],
			"faces": {
				"north": {"uv": [0, 0, 1, 8], "texture": "#0"},
				"east": {"uv": [1, 0, 2, 8], "texture": "#0"},
				"south": {"uv": [2, 0, 3, 8], "texture": "#0"},
				"west": {"uv": [3, 0, 4, 8], "texture": "#0"},
				"up": {"uv": [7, 5, 6, 4], "texture": "#0"},
				"down": {"uv": [7, 5, 6, 6], "texture": "#0"}
			}
		},
		{
			"from": [7.05, 7.5, 7],
			"to": [8.8, 9.5, 8.8],
			"faces": {
				"north": {"uv": [4, 0, 6, 2], "texture": "#0"},
				"east": {"uv": [4, 2, 6, 4], "texture": "#0"},
				"south": {"uv": [4, 4, 6, 6], "texture": "#0"},
				"west": {"uv": [6, 0, 8, 2], "texture": "#0"},
				"up": {"uv": [8, 4, 6, 2], "texture": "#0"},
				"down": {"uv": [6, 6, 4, 8], "texture": "#0"}
			}
		}
	],
	"display": {
		"thirdperson_righthand": {
			"translation": [0, 7.75, 1.75]
		},
		"thirdperson_lefthand": {
			"translation": [0, 7.75, 2]
		},
		"firstperson_righthand": {
			"translation": [1, 7.25, 0]
		},
		"firstperson_lefthand": {
			"translation": [0.5, 6.25, 0.5]
		},
		"ground": {
			"translation": [0, 2.75, 0]
		},
		"gui": {
			"translation": [0, 3, 0]
		},
		"head": {
			"translation": [0, 12.5, 0]
		},
		"fixed": {
			"translation": [0, 3.25, 0]
		}
	}
}